,keygen_time_ms,encaps_time_ms,decaps_time_ms,total_time_ms,peak_memory_kb,energy_mj,pubkey_size_bytes,seckey_size_bytes,ct_size_bytes
keygen_time_ms,1.0,0.9993863732145897,0.9978214861157632,0.9995459698664512,0.6866467608790118,0.5707181212309816,-0.49407224165310965,-0.44671802512648295,0.7473417066778293
encaps_time_ms,0.9993863732145897,1.0,0.9966867856727797,0.9999789084232691,0.695146796307821,0.5743922001037243,-0.49215302732136124,-0.44024740944927315,0.753798150308772
decaps_time_ms,0.9978214861157632,0.9966867856727797,1.0,0.9971765546290726,0.6878942305854038,0.5731633400637279,-0.4817552962516013,-0.4324650168648494,0.7446997784794388
total_time_ms,0.9995459698664512,0.9999789084232691,0.9971765546290726,1.0,0.6943449667160625,0.5742226859747855,-0.49173717970150777,-0.4402532135496881,0.7530181289699089
peak_memory_kb,0.6866467608790118,0.695146796307821,0.6878942305854038,0.6943449667160625,1.0,0.8706306076641894,-0.30781534189017573,-0.21851657748035577,0.9566277228107305
energy_mj,0.5707181212309816,0.5743922001037243,0.5731633400637279,0.5742226859747855,0.8706306076641894,1.0,-0.6162573917044369,-0.5517360386443527,0.9443564256938136
pubkey_size_bytes,-0.49407224165310965,-0.49215302732136124,-0.4817552962516013,-0.49173717970150777,-0.30781534189017573,-0.6162573917044369,1.0,0.9607427645114431,-0.5399024905512584
seckey_size_bytes,-0.44671802512648295,-0.44024740944927315,-0.4324650168648494,-0.4402532135496881,-0.21851657748035577,-0.5517360386443527,0.9607427645114431,1.0,-0.4617972744588323
ct_size_bytes,0.7473417066778293,0.753798150308772,0.7446997784794388,0.7530181289699089,0.9566277228107305,0.9443564256938136,-0.5399024905512584,-0.4617972744588323,1.0
